{
    "$schema": "https://schema.management.azure.com/schemas/2015-01-01/deploymentParameters.json#",
    "contentVersion": "1.0.0.0",
    "parameters": {
        "factoryName": {
            "value": "adfdemofactoryb2e01d0948f0"
        },
        "AzureSqlSourceDatabase_connectionString": {
            "value": ""
        },
        "AzureSqlDestinationDatabase_connectionString": {
            "value": ""
        },
        "containerUri": {
            "value": ""
        },
        "containerSasToken": {
            "value": ""
        }
    }
}